{"assets/.DS_Store":["assets/.DS_Store"],"assets/cardbackground.jpg":["assets/cardbackground.jpg"],"assets/desi_tv_logo.jpeg":["assets/desi_tv_logo.jpeg"],"assets/film.jpg":["assets/film.jpg"],"assets/forgotpassword.jpg":["assets/forgotpassword.jpg"],"assets/image.jpg":["assets/image.jpg"],"assets/kids.jpg":["assets/kids.jpg"],"assets/landingS.jpg":["assets/landingS.jpg"],"assets/signup.jpg":["assets/signup.jpg"],"assets/userbackground.jpg":["assets/userbackground.jpg"],"assets/watching.jpg":["assets/watching.jpg"],"fonts/SourceSansPro-Regular.ttf":["fonts/SourceSansPro-Regular.ttf"],"packages/cupertino_icons/assets/CupertinoIcons.ttf":["packages/cupertino_icons/assets/CupertinoIcons.ttf"],"packages/elegant_notification/assets/icons/error.png":["packages/elegant_notification/assets/icons/error.png"],"packages/elegant_notification/assets/icons/info.png":["packages/elegant_notification/assets/icons/info.png"],"packages/elegant_notification/assets/icons/success.png":["packages/elegant_notification/assets/icons/success.png"],"packages/flutter_math_fork/lib/katex_fonts/fonts/KaTeX_AMS-Regular.ttf":["packages/flutter_math_fork/lib/katex_fonts/fonts/KaTeX_AMS-Regular.ttf"],"packages/flutter_math_fork/lib/katex_fonts/fonts/KaTeX_Caligraphic-Bold.ttf":["packages/flutter_math_fork/lib/katex_fonts/fonts/KaTeX_Caligraphic-Bold.ttf"],"packages/flutter_math_fork/lib/katex_fonts/fonts/KaTeX_Caligraphic-Regular.ttf":["packages/flutter_math_fork/lib/katex_fonts/fonts/KaTeX_Caligraphic-Regular.ttf"],"packages/flutter_math_fork/lib/katex_fonts/fonts/KaTeX_Fraktur-Bold.ttf":["packages/flutter_math_fork/lib/katex_fonts/fonts/KaTeX_Fraktur-Bold.ttf"],"packages/flutter_math_fork/lib/katex_fonts/fonts/KaTeX_Fraktur-Regular.ttf":["packages/flutter_math_fork/lib/katex_fonts/fonts/KaTeX_Fraktur-Regular.ttf"],"packages/flutter_math_fork/lib/katex_fonts/fonts/KaTeX_Main-Bold.ttf":["packages/flutter_math_fork/lib/katex_fonts/fonts/KaTeX_Main-Bold.ttf"],"packages/flutter_math_fork/lib/katex_fonts/fonts/KaTeX_Main-BoldItalic.ttf":["packages/flutter_math_fork/lib/katex_fonts/fonts/KaTeX_Main-BoldItalic.ttf"],"packages/flutter_math_fork/lib/katex_fonts/fonts/KaTeX_Main-Italic.ttf":["packages/flutter_math_fork/lib/katex_fonts/fonts/KaTeX_Main-Italic.ttf"],"packages/flutter_math_fork/lib/katex_fonts/fonts/KaTeX_Main-Regular.ttf":["packages/flutter_math_fork/lib/katex_fonts/fonts/KaTeX_Main-Regular.ttf"],"packages/flutter_math_fork/lib/katex_fonts/fonts/KaTeX_Math-BoldItalic.ttf":["packages/flutter_math_fork/lib/katex_fonts/fonts/KaTeX_Math-BoldItalic.ttf"],"packages/flutter_math_fork/lib/katex_fonts/fonts/KaTeX_Math-Italic.ttf":["packages/flutter_math_fork/lib/katex_fonts/fonts/KaTeX_Math-Italic.ttf"],"packages/flutter_math_fork/lib/katex_fonts/fonts/KaTeX_SansSerif-Bold.ttf":["packages/flutter_math_fork/lib/katex_fonts/fonts/KaTeX_SansSerif-Bold.ttf"],"packages/flutter_math_fork/lib/katex_fonts/fonts/KaTeX_SansSerif-Italic.ttf":["packages/flutter_math_fork/lib/katex_fonts/fonts/KaTeX_SansSerif-Italic.ttf"],"packages/flutter_math_fork/lib/katex_fonts/fonts/KaTeX_SansSerif-Regular.ttf":["packages/flutter_math_fork/lib/katex_fonts/fonts/KaTeX_SansSerif-Regular.ttf"],"packages/flutter_math_fork/lib/katex_fonts/fonts/KaTeX_Script-Regular.ttf":["packages/flutter_math_fork/lib/katex_fonts/fonts/KaTeX_Script-Regular.ttf"],"packages/flutter_math_fork/lib/katex_fonts/fonts/KaTeX_Size1-Regular.ttf":["packages/flutter_math_fork/lib/katex_fonts/fonts/KaTeX_Size1-Regular.ttf"],"packages/flutter_math_fork/lib/katex_fonts/fonts/KaTeX_Size2-Regular.ttf":["packages/flutter_math_fork/lib/katex_fonts/fonts/KaTeX_Size2-Regular.ttf"],"packages/flutter_math_fork/lib/katex_fonts/fonts/KaTeX_Size3-Regular.ttf":["packages/flutter_math_fork/lib/katex_fonts/fonts/KaTeX_Size3-Regular.ttf"],"packages/flutter_math_fork/lib/katex_fonts/fonts/KaTeX_Size4-Regular.ttf":["packages/flutter_math_fork/lib/katex_fonts/fonts/KaTeX_Size4-Regular.ttf"],"packages/flutter_math_fork/lib/katex_fonts/fonts/KaTeX_Typewriter-Regular.ttf":["packages/flutter_math_fork/lib/katex_fonts/fonts/KaTeX_Typewriter-Regular.ttf"],"packages/flutter_phosphor_icons/fonts/Phosphor.ttf":["packages/flutter_phosphor_icons/fonts/Phosphor.ttf"],"packages/flutter_vector_icons/fonts/AntDesign.ttf":["packages/flutter_vector_icons/fonts/AntDesign.ttf"],"packages/flutter_vector_icons/fonts/Entypo.ttf":["packages/flutter_vector_icons/fonts/Entypo.ttf"],"packages/flutter_vector_icons/fonts/EvilIcons.ttf":["packages/flutter_vector_icons/fonts/EvilIcons.ttf"],"packages/flutter_vector_icons/fonts/Feather.ttf":["packages/flutter_vector_icons/fonts/Feather.ttf"],"packages/flutter_vector_icons/fonts/FontAwesome.ttf":["packages/flutter_vector_icons/fonts/FontAwesome.ttf"],"packages/flutter_vector_icons/fonts/FontAwesome5_Brands.ttf":["packages/flutter_vector_icons/fonts/FontAwesome5_Brands.ttf"],"packages/flutter_vector_icons/fonts/FontAwesome5_Regular.ttf":["packages/flutter_vector_icons/fonts/FontAwesome5_Regular.ttf"],"packages/flutter_vector_icons/fonts/FontAwesome5_Solid.ttf":["packages/flutter_vector_icons/fonts/FontAwesome5_Solid.ttf"],"packages/flutter_vector_icons/fonts/Fontisto.ttf":["packages/flutter_vector_icons/fonts/Fontisto.ttf"],"packages/flutter_vector_icons/fonts/Foundation.ttf":["packages/flutter_vector_icons/fonts/Foundation.ttf"],"packages/flutter_vector_icons/fonts/Ionicons.ttf":["packages/flutter_vector_icons/fonts/Ionicons.ttf"],"packages/flutter_vector_icons/fonts/MaterialCommunityIcons.ttf":["packages/flutter_vector_icons/fonts/MaterialCommunityIcons.ttf"],"packages/flutter_vector_icons/fonts/MaterialIcons.ttf":["packages/flutter_vector_icons/fonts/MaterialIcons.ttf"],"packages/flutter_vector_icons/fonts/Octicons.ttf":["packages/flutter_vector_icons/fonts/Octicons.ttf"],"packages/flutter_vector_icons/fonts/SimpleLineIcons.ttf":["packages/flutter_vector_icons/fonts/SimpleLineIcons.ttf"],"packages/flutter_vector_icons/fonts/Zocial.ttf":["packages/flutter_vector_icons/fonts/Zocial.ttf"],"packages/font_awesome_flutter/lib/fonts/fa-brands-400.ttf":["packages/font_awesome_flutter/lib/fonts/fa-brands-400.ttf"],"packages/font_awesome_flutter/lib/fonts/fa-regular-400.ttf":["packages/font_awesome_flutter/lib/fonts/fa-regular-400.ttf"],"packages/font_awesome_flutter/lib/fonts/fa-solid-900.ttf":["packages/font_awesome_flutter/lib/fonts/fa-solid-900.ttf"]}